,date,title,href,body,topics
0,2022-11-01,"Anies Rasyid Baswedan on Instagram: ""Turut berbagi gagasan pada ...",https://www.instagram.com/p/CkdTjw4SWmv/,"66.4k Likes, 810 Comments - Anies Rasyid Baswedan (@aniesbaswedan) on Instagram: ""Turut berbagi gagasan pada Pelatihan Relawan Advokasi Pemerlu Pelayanan Kesejahteraan Sosial (PPKS)â€¦""","Anies Rasyid Baswedan on Instagram: ""Turut berbagi gagasan pada ...-66.4k Likes, 810 Comments - Anies Rasyid Baswedan (@aniesbaswedan) on Instagram: ""Turut berbagi gagasan pada Pelatihan Relawan Advokasi Pemerlu Pelayanan Kesejahteraan Sosial (PPKS)â€¦"""
1,2022-11-02,"Anies Rasyid Baswedan on Instagram: ""Turut berbagi gagasan pada ...",https://www.instagram.com/p/CkdTjw4SWmv/,"66.4k Likes, 810 Comments - Anies Rasyid Baswedan (@aniesbaswedan) on Instagram: ""Turut berbagi gagasan pada Pelatihan Relawan Advokasi Pemerlu Pelayanan Kesejahteraan Sosial (PPKS)â€¦""","Anies Rasyid Baswedan on Instagram: ""Turut berbagi gagasan pada ...-66.4k Likes, 810 Comments - Anies Rasyid Baswedan (@aniesbaswedan) on Instagram: ""Turut berbagi gagasan pada Pelatihan Relawan Advokasi Pemerlu Pelayanan Kesejahteraan Sosial (PPKS)â€¦"""
2,2022-11-04,"Sorak sorai warga Medan serentak menjawab ""ANIES""",https://www.instagram.com/p/Ckj6zZoOOnR/,"91.3k Likes, 3,355 Comments - Partai NasDem (@official_nasdem) on Instagram: ""Siapa presidennya? Sorak sorai warga Medan serentak menjawab ""ANIES"" Apa partainya? Warga serentakâ€¦""","Sorak sorai warga Medan serentak menjawab ""ANIES""-91.3k Likes, 3,355 Comments - Partai NasDem (@official_nasdem) on Instagram: ""Siapa presidennya? Sorak sorai warga Medan serentak menjawab ""ANIES"" Apa partainya? Warga serentakâ€¦"""
3,2022-11-05,"Sorak sorai warga Medan serentak menjawab ""ANIES"" - Instagram",https://www.instagram.com/p/Ckj6zZoOOnR/,"91.3k Likes, 3,355 Comments - Partai NasDem (@official_nasdem) on Instagram: ""Siapa presidennya? Sorak sorai warga Medan serentak menjawab ""ANIES"" Apa partainya? Warga serentakâ€¦""","Sorak sorai warga Medan serentak menjawab ""ANIES"" - Instagram-91.3k Likes, 3,355 Comments - Partai NasDem (@official_nasdem) on Instagram: ""Siapa presidennya? Sorak sorai warga Medan serentak menjawab ""ANIES"" Apa partainya? Warga serentakâ€¦"""
4,2022-11-05,majalah.tempo on Instagram: Anies Baswedan belum mulus jadi bakal calon ...,https://www.instagram.com/p/CknaGPljW_r/,majalah.tempo â€¢ Original audio,majalah.tempo on Instagram: Anies Baswedan belum mulus jadi bakal calon ...-majalah.tempo â€¢ Original audio
5,2022-11-06,Tiga partai pengusung Anies Baswedan sebagai calon Presiden 2024 ...,https://www.instagram.com/p/CkqBiBpuXWR/,Tiga partai pengusung Anies Baswedan sebagai calon Presiden 2024 terbelah soal calon wakil presiden. Ada lobi dari istana? ... Masalahnya mas Anies bisa split kayak Van Damme gak yah ðŸ˜‚ ... Gw pendukung Anies. Tpi jujur ga tau knapa gw ngerasa Anies gak bakal menang ðŸ˜” sma kya dlu gw dukung si Wowo,Tiga partai pengusung Anies Baswedan sebagai calon Presiden 2024 ...-Tiga partai pengusung Anies Baswedan sebagai calon Presiden 2024 terbelah soal calon wakil presiden. Ada lobi dari istana? ... Masalahnya mas Anies bisa split kayak Van Damme gak yah ðŸ˜‚ ... Gw pendukung Anies. Tpi jujur ga tau knapa gw ngerasa Anies gak bakal menang ðŸ˜” sma kya dlu gw dukung si Wowo
6,2022-11-06,majalah.tempo on Instagram: Anies Baswedan belum mulus jadi bakal calon ...,https://www.instagram.com/p/CknaGPljW_r/,majalah.tempo â€¢ Original audio,majalah.tempo on Instagram: Anies Baswedan belum mulus jadi bakal calon ...-majalah.tempo â€¢ Original audio
7,2022-11-07,Tiga partai pengusung Anies Baswedan sebagai calon Presiden 2024 ...,https://www.instagram.com/p/CkqBiBpuXWR/,Tiga partai pengusung Anies Baswedan sebagai calon Presiden 2024 terbelah soal calon wakil presiden. Ada lobi dari istana? ... Masalahnya mas Anies bisa split kayak Van Damme gak yah ðŸ˜‚ ... Gw pendukung Anies. Tpi jujur ga tau knapa gw ngerasa Anies gak bakal menang ðŸ˜” sma kya dlu gw dukung si Wowo,Tiga partai pengusung Anies Baswedan sebagai calon Presiden 2024 ...-Tiga partai pengusung Anies Baswedan sebagai calon Presiden 2024 terbelah soal calon wakil presiden. Ada lobi dari istana? ... Masalahnya mas Anies bisa split kayak Van Damme gak yah ðŸ˜‚ ... Gw pendukung Anies. Tpi jujur ga tau knapa gw ngerasa Anies gak bakal menang ðŸ˜” sma kya dlu gw dukung si Wowo
8,2022-11-09,"VIVA.CO.ID on Instagram: ""Poros partai politik atau parpol pendukung ...",https://www.instagram.com/p/Ckx5aeFAsyV/,"1,056 likes, 109 comments - VIVA.CO.ID (@vivacoid) on Instagram: ""Poros partai politik atau parpol pendukung Anies Baswedan jadi sorotan karena batal deklarasi 'Ko..."" VIVA.CO.ID on Instagram: ""Poros partai politik atau parpol pendukung Anies Baswedan jadi sorotan karena batal deklarasi 'Koalisi Perubahan' pada Kamis, 10 November 2022.","VIVA.CO.ID on Instagram: ""Poros partai politik atau parpol pendukung ...-1,056 likes, 109 comments - VIVA.CO.ID (@vivacoid) on Instagram: ""Poros partai politik atau parpol pendukung Anies Baswedan jadi sorotan karena batal deklarasi 'Ko..."" VIVA.CO.ID on Instagram: ""Poros partai politik atau parpol pendukung Anies Baswedan jadi sorotan karena batal deklarasi 'Koalisi Perubahan' pada Kamis, 10 November 2022."
9,2022-11-10,"VIVA.CO.ID on Instagram: ""Poros partai politik atau parpol pendukung ...",https://www.instagram.com/p/Ckx5aeFAsyV/,"1,056 likes, 109 comments - VIVA.CO.ID (@vivacoid) on Instagram: ""Poros partai politik atau parpol pendukung Anies Baswedan jadi sorotan karena batal deklarasi 'Ko..."" VIVA.CO.ID on Instagram: ""Poros partai politik atau parpol pendukung Anies Baswedan jadi sorotan karena batal deklarasi 'Koalisi Perubahan' pada Kamis, 10 November 2022.","VIVA.CO.ID on Instagram: ""Poros partai politik atau parpol pendukung ...-1,056 likes, 109 comments - VIVA.CO.ID (@vivacoid) on Instagram: ""Poros partai politik atau parpol pendukung Anies Baswedan jadi sorotan karena batal deklarasi 'Ko..."" VIVA.CO.ID on Instagram: ""Poros partai politik atau parpol pendukung Anies Baswedan jadi sorotan karena batal deklarasi 'Koalisi Perubahan' pada Kamis, 10 November 2022."
10,2022-11-10,"Anies Rasyid Baswedan on Instagram: ""Hari ini 11 tahun Partai Nasdem ...",https://www.instagram.com/p/Ckz-XpWr5R1/,"11k Likes, 215 Comments - Anies Rasyid Baswedan (@aniesbaswedan) on Instagram: ""Hari ini 11 tahun Partai Nasdem menjadi rumah pergerakan yang konsisten menyuarakan aspirasi danâ€¦""","Anies Rasyid Baswedan on Instagram: ""Hari ini 11 tahun Partai Nasdem ...-11k Likes, 215 Comments - Anies Rasyid Baswedan (@aniesbaswedan) on Instagram: ""Hari ini 11 tahun Partai Nasdem menjadi rumah pergerakan yang konsisten menyuarakan aspirasi danâ€¦"""
11,2022-11-10,"Anies Rasyid Baswedan on Instagram: ""Alhamdulillah, bersyukur bisa ...",https://www.instagram.com/p/Ck0myLuJ7v4/,"16.4k Likes, 240 Comments - Anies Rasyid Baswedan (@aniesbaswedan) on Instagram: ""Alhamdulillah, bersyukur bisa hadir siang tadi memperingati 11 tahun perjalanan Partai Nasdem.â€¦""","Anies Rasyid Baswedan on Instagram: ""Alhamdulillah, bersyukur bisa ...-16.4k Likes, 240 Comments - Anies Rasyid Baswedan (@aniesbaswedan) on Instagram: ""Alhamdulillah, bersyukur bisa hadir siang tadi memperingati 11 tahun perjalanan Partai Nasdem.â€¦"""
12,2022-11-11,"Anies Rasyid Baswedan on Instagram: ""Hari ini 11 tahun Partai Nasdem ...",https://www.instagram.com/p/Ckz-XpWr5R1/,"11k Likes, 215 Comments - Anies Rasyid Baswedan (@aniesbaswedan) on Instagram: ""Hari ini 11 tahun Partai Nasdem menjadi rumah pergerakan yang konsisten menyuarakan aspirasi danâ€¦""","Anies Rasyid Baswedan on Instagram: ""Hari ini 11 tahun Partai Nasdem ...-11k Likes, 215 Comments - Anies Rasyid Baswedan (@aniesbaswedan) on Instagram: ""Hari ini 11 tahun Partai Nasdem menjadi rumah pergerakan yang konsisten menyuarakan aspirasi danâ€¦"""
13,2022-11-11,"Anies Rasyid Baswedan on Instagram: ""Alhamdulillah, bersyukur bisa ...",https://www.instagram.com/p/Ck0myLuJ7v4/,"16.4k Likes, 240 Comments - Anies Rasyid Baswedan (@aniesbaswedan) on Instagram: ""Alhamdulillah, bersyukur bisa hadir siang tadi memperingati 11 tahun perjalanan Partai Nasdem.â€¦""","Anies Rasyid Baswedan on Instagram: ""Alhamdulillah, bersyukur bisa ...-16.4k Likes, 240 Comments - Anies Rasyid Baswedan (@aniesbaswedan) on Instagram: ""Alhamdulillah, bersyukur bisa hadir siang tadi memperingati 11 tahun perjalanan Partai Nasdem.â€¦"""
14,2022-11-12,"Partai NasDem on Instagram: """"Lihatlah kenyataan di Jakarta. Tunjukkan ...",https://www.instagram.com/p/Ck5CmRjr8zG/,Anies Rasyid Baswedan Berikut 5 capaian terbesar Anies Baswedan untuk warga DKI Jakarta #PrestasiAnies #AniesForPresident2024. 4w. valentinoibanez22. Pengen ketawa tapi ya.. Sudahlah wkwk. 20h. Reply. ksbmall.,"Partai NasDem on Instagram: """"Lihatlah kenyataan di Jakarta. Tunjukkan ...-Anies Rasyid Baswedan Berikut 5 capaian terbesar Anies Baswedan untuk warga DKI Jakarta #PrestasiAnies #AniesForPresident2024. 4w. valentinoibanez22. Pengen ketawa tapi ya.. Sudahlah wkwk. 20h. Reply. ksbmall."
15,2022-11-13,"Partai NasDem on Instagram: """"Lihatlah kenyataan di Jakarta. Tunjukkan ...",https://www.instagram.com/p/Ck5CmRjr8zG/,Anies Rasyid Baswedan Berikut 5 capaian terbesar Anies Baswedan untuk warga DKI Jakarta #PrestasiAnies #AniesForPresident2024. 4w. valentinoibanez22. Pengen ketawa tapi ya.. Sudahlah wkwk. 20h. Reply. ksbmall.,"Partai NasDem on Instagram: """"Lihatlah kenyataan di Jakarta. Tunjukkan ...-Anies Rasyid Baswedan Berikut 5 capaian terbesar Anies Baswedan untuk warga DKI Jakarta #PrestasiAnies #AniesForPresident2024. 4w. valentinoibanez22. Pengen ketawa tapi ya.. Sudahlah wkwk. 20h. Reply. ksbmall."
16,2023-02-05,"#1 Gerakan Kerelawanan Indonesia on Instagram: ""Beberapa hari lalu ...",https://www.instagram.com/p/CoUZjuXLxZg/,"Beberapa hari lalu, akhirnya Partai Keadilan Sejahtera (PKS) secara resmi menyatakan sikapnya untuk mendukung Anies sebagai calon presiden pada pilpres 2024. Dengan pernyataan sikap tersebut, melengkapi Koalisi Perubahan telah diisi oleh Partai Nasdem pada tanggal 3 Oktober 2022 dan Partai Demokrat tanggal 26 Januari 2023.","#1 Gerakan Kerelawanan Indonesia on Instagram: ""Beberapa hari lalu ...-Beberapa hari lalu, akhirnya Partai Keadilan Sejahtera (PKS) secara resmi menyatakan sikapnya untuk mendukung Anies sebagai calon presiden pada pilpres 2024. Dengan pernyataan sikap tersebut, melengkapi Koalisi Perubahan telah diisi oleh Partai Nasdem pada tanggal 3 Oktober 2022 dan Partai Demokrat tanggal 26 Januari 2023."
17,2023-02-05,Upaya menggolkan perpanjangan masa jabatan presiden dan 3 ... - Instagram,https://www.instagram.com/p/CoT9T2tOarC/,"Banyak petinggi partai politik, termasuk pendukung Presiden Jokowi, pun menolak gagasan yang melanggar konstitusi itu. Namun, manuver yang disinyalir didukung Istana itu tak pernah mati sejak periode kedua pemerintahan Jokowi. Seperti apa langkah gerilya mengegolkan perpanjangan masa jabatan presiden?","Upaya menggolkan perpanjangan masa jabatan presiden dan 3 ... - Instagram-Banyak petinggi partai politik, termasuk pendukung Presiden Jokowi, pun menolak gagasan yang melanggar konstitusi itu. Namun, manuver yang disinyalir didukung Istana itu tak pernah mati sejak periode kedua pemerintahan Jokowi. Seperti apa langkah gerilya mengegolkan perpanjangan masa jabatan presiden?"
18,2023-02-06,trending.issue on Instagram: Para pendukung Anies bisa aja ...,https://www.instagram.com/p/CoWgOXCj_kn/,trending.issue â€¢ Original audio,trending.issue on Instagram: Para pendukung Anies bisa aja ...-trending.issue â€¢ Original audio
19,2023-02-06,"Anies Update on Instagram: ""JAKARTA - Bakal calon Presiden Anies ...",https://www.instagram.com/p/CoWIh0zpQem/,"1,016 Likes, 25 Comments - Anies Update (@aniesupdate) on Instagram: ""JAKARTA - Bakal calon Presiden Anies Baswedan akan menghadiri Rapat Kerja Nasional (Rakernas)â€¦""","Anies Update on Instagram: ""JAKARTA - Bakal calon Presiden Anies ...-1,016 Likes, 25 Comments - Anies Update (@aniesupdate) on Instagram: ""JAKARTA - Bakal calon Presiden Anies Baswedan akan menghadiri Rapat Kerja Nasional (Rakernas)â€¦"""
20,2023-02-06,"Relawan Anies Baswedan on Instagram: ""Partai NasDem, Demokrat dan PKS ...",https://www.instagram.com/p/CoV1KYsyQVQ/,"198 Likes, 24 Comments - Relawan Anies Baswedan (@relawananiesofficial) on Instagram: ""Partai NasDem, Demokrat dan PKS sudah selangkah lagi akan mendeklarasikan Koalisi Perubahan.â€¦""","Relawan Anies Baswedan on Instagram: ""Partai NasDem, Demokrat dan PKS ...-198 Likes, 24 Comments - Relawan Anies Baswedan (@relawananiesofficial) on Instagram: ""Partai NasDem, Demokrat dan PKS sudah selangkah lagi akan mendeklarasikan Koalisi Perubahan.â€¦"""
21,2023-02-06,"#1 Gerakan Kerelawanan Indonesia on Instagram: ""Beberapa hari lalu ...",https://www.instagram.com/p/CoUZjuXLxZg/,"Beberapa hari lalu, akhirnya Partai Keadilan Sejahtera (PKS) secara resmi menyatakan sikapnya untuk mendukung Anies sebagai calon presiden pada pilpres 2024. Dengan pernyataan sikap tersebut, melengkapi Koalisi Perubahan telah diisi oleh Partai Nasdem pada tanggal 3 Oktober 2022 dan Partai Demokrat tanggal 26 Januari 2023.","#1 Gerakan Kerelawanan Indonesia on Instagram: ""Beberapa hari lalu ...-Beberapa hari lalu, akhirnya Partai Keadilan Sejahtera (PKS) secara resmi menyatakan sikapnya untuk mendukung Anies sebagai calon presiden pada pilpres 2024. Dengan pernyataan sikap tersebut, melengkapi Koalisi Perubahan telah diisi oleh Partai Nasdem pada tanggal 3 Oktober 2022 dan Partai Demokrat tanggal 26 Januari 2023."
22,2023-02-06,Upaya menggolkan perpanjangan masa jabatan presiden dan 3 ... - Instagram,https://www.instagram.com/p/CoT9T2tOarC/,"Banyak petinggi partai politik, termasuk pendukung Presiden Jokowi, pun menolak gagasan yang melanggar konstitusi itu. Namun, manuver yang disinyalir didukung Istana itu tak pernah mati sejak periode kedua pemerintahan Jokowi. Seperti apa langkah gerilya mengegolkan perpanjangan masa jabatan presiden?","Upaya menggolkan perpanjangan masa jabatan presiden dan 3 ... - Instagram-Banyak petinggi partai politik, termasuk pendukung Presiden Jokowi, pun menolak gagasan yang melanggar konstitusi itu. Namun, manuver yang disinyalir didukung Istana itu tak pernah mati sejak periode kedua pemerintahan Jokowi. Seperti apa langkah gerilya mengegolkan perpanjangan masa jabatan presiden?"
23,2023-02-07,trending.issue on Instagram: Para pendukung Anies bisa aja ...,https://www.instagram.com/p/CoWgOXCj_kn/,trending.issue â€¢ Original audio,trending.issue on Instagram: Para pendukung Anies bisa aja ...-trending.issue â€¢ Original audio
24,2023-02-07,"Anies Update on Instagram: ""JAKARTA - Bakal calon Presiden Anies ...",https://www.instagram.com/p/CoWIh0zpQem/,"1,016 Likes, 25 Comments - Anies Update (@aniesupdate) on Instagram: ""JAKARTA - Bakal calon Presiden Anies Baswedan akan menghadiri Rapat Kerja Nasional (Rakernas)â€¦""","Anies Update on Instagram: ""JAKARTA - Bakal calon Presiden Anies ...-1,016 Likes, 25 Comments - Anies Update (@aniesupdate) on Instagram: ""JAKARTA - Bakal calon Presiden Anies Baswedan akan menghadiri Rapat Kerja Nasional (Rakernas)â€¦"""
25,2023-02-07,"Relawan Anies Baswedan on Instagram: ""Partai NasDem, Demokrat dan PKS ...",https://www.instagram.com/p/CoV1KYsyQVQ/,"198 Likes, 24 Comments - Relawan Anies Baswedan (@relawananiesofficial) on Instagram: ""Partai NasDem, Demokrat dan PKS sudah selangkah lagi akan mendeklarasikan Koalisi Perubahan.â€¦""","Relawan Anies Baswedan on Instagram: ""Partai NasDem, Demokrat dan PKS ...-198 Likes, 24 Comments - Relawan Anies Baswedan (@relawananiesofficial) on Instagram: ""Partai NasDem, Demokrat dan PKS sudah selangkah lagi akan mendeklarasikan Koalisi Perubahan.â€¦"""
26,2023-02-07,katadatacoid on Instagram: Peta koalisi partai politik pengusung calon ...,https://www.instagram.com/p/CoZPJbRM-xp/,MaxKoMusic â€¢ Powerful,katadatacoid on Instagram: Peta koalisi partai politik pengusung calon ...-MaxKoMusic â€¢ Powerful
27,2023-02-08,katadatacoid on Instagram: Peta koalisi partai politik pengusung calon ...,https://www.instagram.com/p/CoZPJbRM-xp/,MaxKoMusic â€¢ Powerful,katadatacoid on Instagram: Peta koalisi partai politik pengusung calon ...-MaxKoMusic â€¢ Powerful
28,2023-02-08,"BuddyKu Headlines on Instagram: ""Loyalis Anies Baswedan, Geisz Chalifah ...",https://www.instagram.com/p/CocUm94PV0K/,"135 Likes, 7 Comments - BuddyKu Headlines (@buddykuofficial) on Instagram: ""Loyalis Anies Baswedan, Geisz Chalifah mengaku para pendukung calon presiden usungan koalisiâ€¦""","BuddyKu Headlines on Instagram: ""Loyalis Anies Baswedan, Geisz Chalifah ...-135 Likes, 7 Comments - BuddyKu Headlines (@buddykuofficial) on Instagram: ""Loyalis Anies Baswedan, Geisz Chalifah mengaku para pendukung calon presiden usungan koalisiâ€¦"""
29,2023-02-08,"Bella on Instagram: ""Pendukung partai apa nih?""",https://www.instagram.com/p/CoclkVgyJnC/,"8 Likes, 2 Comments - Bella (@teman2bella) on Instagram: ""Pendukung partai apa nih?""","Bella on Instagram: ""Pendukung partai apa nih?""-8 Likes, 2 Comments - Bella (@teman2bella) on Instagram: ""Pendukung partai apa nih?"""
30,2023-02-08,"Ninna Id on Instagram: ""Banyak yang penasaran dengan profil biodata ...",https://www.instagram.com/p/Cob2sQyP1H8/,"0 Likes, 0 Comments - Ninna Id (@id_ninna) on Instagram: ""Banyak yang penasaran dengan profil biodata Geisz Chalifah. Sosok pendukung Anies Baswedan yangâ€¦""","Ninna Id on Instagram: ""Banyak yang penasaran dengan profil biodata ...-0 Likes, 0 Comments - Ninna Id (@id_ninna) on Instagram: ""Banyak yang penasaran dengan profil biodata Geisz Chalifah. Sosok pendukung Anies Baswedan yangâ€¦"""
31,2023-02-09,"Relawan Anies Baswedan on Instagram: ""IT'S TIME! Anies Mendengar Warga ...",https://www.instagram.com/p/CoeLPIhp6-z/,"209 Likes, 10 Comments - Relawan Anies Baswedan (@relawananiesofficial) on Instagram: ""IT'S TIME! Anies Mendengar Warga Kalimantan Selatan Jangan sampai terlewatkan 15-16 Februari 2023â€¦""","Relawan Anies Baswedan on Instagram: ""IT'S TIME! Anies Mendengar Warga ...-209 Likes, 10 Comments - Relawan Anies Baswedan (@relawananiesofficial) on Instagram: ""IT'S TIME! Anies Mendengar Warga Kalimantan Selatan Jangan sampai terlewatkan 15-16 Februari 2023â€¦"""
32,2023-02-09,"BuddyKu Headlines on Instagram: ""Loyalis Anies Baswedan, Geisz Chalifah ...",https://www.instagram.com/p/CocUm94PV0K/,"135 Likes, 7 Comments - BuddyKu Headlines (@buddykuofficial) on Instagram: ""Loyalis Anies Baswedan, Geisz Chalifah mengaku para pendukung calon presiden usungan koalisiâ€¦""","BuddyKu Headlines on Instagram: ""Loyalis Anies Baswedan, Geisz Chalifah ...-135 Likes, 7 Comments - BuddyKu Headlines (@buddykuofficial) on Instagram: ""Loyalis Anies Baswedan, Geisz Chalifah mengaku para pendukung calon presiden usungan koalisiâ€¦"""
33,2023-02-09,"Bella on Instagram: ""Pendukung partai apa nih?""",https://www.instagram.com/p/CoclkVgyJnC/,"8 Likes, 2 Comments - Bella (@teman2bella) on Instagram: ""Pendukung partai apa nih?""","Bella on Instagram: ""Pendukung partai apa nih?""-8 Likes, 2 Comments - Bella (@teman2bella) on Instagram: ""Pendukung partai apa nih?"""
34,2023-02-09,"Ninna Id on Instagram: ""Banyak yang penasaran dengan profil biodata ...",https://www.instagram.com/p/Cob2sQyP1H8/,"0 Likes, 0 Comments - Ninna Id (@id_ninna) on Instagram: ""Banyak yang penasaran dengan profil biodata Geisz Chalifah. Sosok pendukung Anies Baswedan yangâ€¦""","Ninna Id on Instagram: ""Banyak yang penasaran dengan profil biodata ...-0 Likes, 0 Comments - Ninna Id (@id_ninna) on Instagram: ""Banyak yang penasaran dengan profil biodata Geisz Chalifah. Sosok pendukung Anies Baswedan yangâ€¦"""
35,2023-02-10,"Relawan Anies Baswedan on Instagram: ""IT'S TIME! Anies Mendengar Warga ...",https://www.instagram.com/p/CoeLPIhp6-z/,"209 Likes, 10 Comments - Relawan Anies Baswedan (@relawananiesofficial) on Instagram: ""IT'S TIME! Anies Mendengar Warga Kalimantan Selatan Jangan sampai terlewatkan 15-16 Februari 2023â€¦""","Relawan Anies Baswedan on Instagram: ""IT'S TIME! Anies Mendengar Warga ...-209 Likes, 10 Comments - Relawan Anies Baswedan (@relawananiesofficial) on Instagram: ""IT'S TIME! Anies Mendengar Warga Kalimantan Selatan Jangan sampai terlewatkan 15-16 Februari 2023â€¦"""
36,2023-02-13,"Partai NasDem on Instagram: ""IT'S TIME! Anies Mendengar Warga ...",https://www.instagram.com/p/CooDc5Rv0CY/,"289 Likes, 14 Comments - Partai NasDem (@official_nasdem) on Instagram: ""IT'S TIME! Anies Mendengar Warga Kalimantan Barat. Jangan sampai terlewatkan 17-18 Februariâ€¦""","Partai NasDem on Instagram: ""IT'S TIME! Anies Mendengar Warga ...-289 Likes, 14 Comments - Partai NasDem (@official_nasdem) on Instagram: ""IT'S TIME! Anies Mendengar Warga Kalimantan Barat. Jangan sampai terlewatkan 17-18 Februariâ€¦"""
37,2023-02-13,"Garda Nasional on Instagram: ""Ketua Majelis Syuro Partai Ummat Amien ...",https://www.instagram.com/p/CoolWZ-S-tU/,"0 Likes, 0 Comments - Garda Nasional (@gardanasional45) on Instagram: ""Ketua Majelis Syuro Partai Ummat Amien Rais menyebut sebagian besar kader menghendaki Aniesâ€¦""","Garda Nasional on Instagram: ""Ketua Majelis Syuro Partai Ummat Amien ...-0 Likes, 0 Comments - Garda Nasional (@gardanasional45) on Instagram: ""Ketua Majelis Syuro Partai Ummat Amien Rais menyebut sebagian besar kader menghendaki Aniesâ€¦"""
38,2023-02-13,Watch this reel by trending.issue on Instagram,https://www.instagram.com/p/CopYH9AjpGb/,trending.issue â€¢ Original audio,Watch this reel by trending.issue on Instagram-trending.issue â€¢ Original audio
39,2023-02-14,trending.issue on Instagram: Anies sedang siapkan pasukan tempur buat ...,https://www.instagram.com/p/CosdtnCjb6m/,trending.issue â€¢ Original audio,trending.issue on Instagram: Anies sedang siapkan pasukan tempur buat ...-trending.issue â€¢ Original audio
40,2023-02-14,"Jakarta Trend on Instagram: ""Mantan Gubernur DKI Jakarta, Anies ...",https://www.instagram.com/p/Coqjo5mpVSi/,"192 Likes, 113 Comments - Jakarta Trend (@jakarta_trend) on Instagram: ""Mantan Gubernur DKI Jakarta, Anies Baswedan ditanya oleh Ketua Umum Partai Ummat Ridho Rahmadiâ€¦""","Jakarta Trend on Instagram: ""Mantan Gubernur DKI Jakarta, Anies ...-192 Likes, 113 Comments - Jakarta Trend (@jakarta_trend) on Instagram: ""Mantan Gubernur DKI Jakarta, Anies Baswedan ditanya oleh Ketua Umum Partai Ummat Ridho Rahmadiâ€¦"""
41,2023-02-14,"Partai NasDem on Instagram: ""IT'S TIME! Anies Mendengar Warga ...",https://www.instagram.com/p/CooDc5Rv0CY/,"289 Likes, 14 Comments - Partai NasDem (@official_nasdem) on Instagram: ""IT'S TIME! Anies Mendengar Warga Kalimantan Barat. Jangan sampai terlewatkan 17-18 Februariâ€¦""","Partai NasDem on Instagram: ""IT'S TIME! Anies Mendengar Warga ...-289 Likes, 14 Comments - Partai NasDem (@official_nasdem) on Instagram: ""IT'S TIME! Anies Mendengar Warga Kalimantan Barat. Jangan sampai terlewatkan 17-18 Februariâ€¦"""
42,2023-02-14,"Garda Nasional on Instagram: ""Ketua Majelis Syuro Partai Ummat Amien ...",https://www.instagram.com/p/CoolWZ-S-tU/,"0 Likes, 0 Comments - Garda Nasional (@gardanasional45) on Instagram: ""Ketua Majelis Syuro Partai Ummat Amien Rais menyebut sebagian besar kader menghendaki Aniesâ€¦""","Garda Nasional on Instagram: ""Ketua Majelis Syuro Partai Ummat Amien ...-0 Likes, 0 Comments - Garda Nasional (@gardanasional45) on Instagram: ""Ketua Majelis Syuro Partai Ummat Amien Rais menyebut sebagian besar kader menghendaki Aniesâ€¦"""
43,2023-02-14,"Partai NasDem on Instagram: ""Ayo Hadir dan Ramaikan Kunjungan Bapak ...",https://www.instagram.com/p/CorexVFP6lm/,"1,157 Likes, 87 Comments - Partai NasDem (@official_nasdem) on Instagram: ""Ayo Hadir dan Ramaikan Kunjungan Bapak Anies Baswedan Mendengar Warga Kalimantan Barat. Janganâ€¦""","Partai NasDem on Instagram: ""Ayo Hadir dan Ramaikan Kunjungan Bapak ...-1,157 Likes, 87 Comments - Partai NasDem (@official_nasdem) on Instagram: ""Ayo Hadir dan Ramaikan Kunjungan Bapak Anies Baswedan Mendengar Warga Kalimantan Barat. Janganâ€¦"""
44,2023-02-14,Watch this reel by trending.issue on Instagram,https://www.instagram.com/p/CopYH9AjpGb/,trending.issue â€¢ Original audio,Watch this reel by trending.issue on Instagram-trending.issue â€¢ Original audio
45,2023-02-15,"Jakarta Trend on Instagram: ""Mantan Gubernur DKI Jakarta, Anies ...",https://www.instagram.com/p/Coqjo5mpVSi/,"192 Likes, 113 Comments - Jakarta Trend (@jakarta_trend) on Instagram: ""Mantan Gubernur DKI Jakarta, Anies Baswedan ditanya oleh Ketua Umum Partai Ummat Ridho Rahmadiâ€¦""","Jakarta Trend on Instagram: ""Mantan Gubernur DKI Jakarta, Anies ...-192 Likes, 113 Comments - Jakarta Trend (@jakarta_trend) on Instagram: ""Mantan Gubernur DKI Jakarta, Anies Baswedan ditanya oleh Ketua Umum Partai Ummat Ridho Rahmadiâ€¦"""
46,2023-02-15,"Anies Update on Instagram: ""Liputan6.com, Jakarta Partai Ummat ...",https://www.instagram.com/p/CotAHgLSxcT/,"956 Likes, 25 Comments - Anies Update (@aniesupdate) on Instagram: ""Liputan6.com, Jakarta Partai Ummat mendeklarasikan dukungannya kepada Anies Baswedan untuk majuâ€¦""","Anies Update on Instagram: ""Liputan6.com, Jakarta Partai Ummat ...-956 Likes, 25 Comments - Anies Update (@aniesupdate) on Instagram: ""Liputan6.com, Jakarta Partai Ummat mendeklarasikan dukungannya kepada Anies Baswedan untuk majuâ€¦"""
47,2023-02-15,trending.issue on Instagram: Anies sedang siapkan pasukan tempur buat ...,https://www.instagram.com/p/CosdtnCjb6m/,trending.issue â€¢ Original audio,trending.issue on Instagram: Anies sedang siapkan pasukan tempur buat ...-trending.issue â€¢ Original audio
48,2023-02-15,"Partai NasDem on Instagram: ""Ayo Hadir dan Ramaikan Kunjungan Bapak ...",https://www.instagram.com/p/CorexVFP6lm/,"1,157 Likes, 87 Comments - Partai NasDem (@official_nasdem) on Instagram: ""Ayo Hadir dan Ramaikan Kunjungan Bapak Anies Baswedan Mendengar Warga Kalimantan Barat. Janganâ€¦""","Partai NasDem on Instagram: ""Ayo Hadir dan Ramaikan Kunjungan Bapak ...-1,157 Likes, 87 Comments - Partai NasDem (@official_nasdem) on Instagram: ""Ayo Hadir dan Ramaikan Kunjungan Bapak Anies Baswedan Mendengar Warga Kalimantan Barat. Janganâ€¦"""
49,2023-02-15,pinterpolitik - Instagram,https://www.instagram.com/p/CotbGMSPnZg/,"626 Likes, 14 Comments - PinterPolitik.com (@pinterpolitik) on Instagram: ""Para kandidat potensial calon presiden (capres) 2024 seperti Anies Baswedan, Sandiaga Uno, Ridwanâ€¦""","pinterpolitik - Instagram-626 Likes, 14 Comments - PinterPolitik.com (@pinterpolitik) on Instagram: ""Para kandidat potensial calon presiden (capres) 2024 seperti Anies Baswedan, Sandiaga Uno, Ridwanâ€¦"""
50,2023-02-16,"Anies Update on Instagram: ""Liputan6.com, Jakarta Partai Ummat ...",https://www.instagram.com/p/CotAHgLSxcT/,"956 Likes, 25 Comments - Anies Update (@aniesupdate) on Instagram: ""Liputan6.com, Jakarta Partai Ummat mendeklarasikan dukungannya kepada Anies Baswedan untuk majuâ€¦""","Anies Update on Instagram: ""Liputan6.com, Jakarta Partai Ummat ...-956 Likes, 25 Comments - Anies Update (@aniesupdate) on Instagram: ""Liputan6.com, Jakarta Partai Ummat mendeklarasikan dukungannya kepada Anies Baswedan untuk majuâ€¦"""
51,2023-02-16,pinterpolitik - Instagram,https://www.instagram.com/p/CotbGMSPnZg/,"626 Likes, 14 Comments - PinterPolitik.com (@pinterpolitik) on Instagram: ""Para kandidat potensial calon presiden (capres) 2024 seperti Anies Baswedan, Sandiaga Uno, Ridwanâ€¦""","pinterpolitik - Instagram-626 Likes, 14 Comments - PinterPolitik.com (@pinterpolitik) on Instagram: ""Para kandidat potensial calon presiden (capres) 2024 seperti Anies Baswedan, Sandiaga Uno, Ridwanâ€¦"""
52,2023-02-16,"Total Politik on Instagram: ""Bakal calon presiden dari Partai NasDem ...",https://www.instagram.com/p/CoxQpRiSdVJ/,"Bakal calon presiden dari Partai NasDem, Anies Baswedan bicara nasib ibu kota negara (IKN) Nusantara yang digagas Presiden Joko Widodo, jika dirinya terpilih menjadi presiden pada Pilpres 2024. Menurutnya, pemindahan ibu kota ke Sepaku, Kabupaten Penajam Paser Utara, Kalimantan Timur, sudah diatur dalam Undang-Undang Nomor 3 Tahun 2022 tentang ...","Total Politik on Instagram: ""Bakal calon presiden dari Partai NasDem ...-Bakal calon presiden dari Partai NasDem, Anies Baswedan bicara nasib ibu kota negara (IKN) Nusantara yang digagas Presiden Joko Widodo, jika dirinya terpilih menjadi presiden pada Pilpres 2024. Menurutnya, pemindahan ibu kota ke Sepaku, Kabupaten Penajam Paser Utara, Kalimantan Timur, sudah diatur dalam Undang-Undang Nomor 3 Tahun 2022 tentang ..."
53,2023-02-16,"Berita Indonesia Link on Instagram: ""Organisasi relawan pendukung ...",https://www.instagram.com/p/CowWlPqPZIk/,"112 Likes, 5 Comments - Berita Indonesia Link (@beritaindonesialink) on Instagram: ""Organisasi relawan pendukung Presiden Joko Widodo, Jokowi Mania (Joman) memutuskan mendukung Ketuaâ€¦""","Berita Indonesia Link on Instagram: ""Organisasi relawan pendukung ...-112 Likes, 5 Comments - Berita Indonesia Link (@beritaindonesialink) on Instagram: ""Organisasi relawan pendukung Presiden Joko Widodo, Jokowi Mania (Joman) memutuskan mendukung Ketuaâ€¦"""
54,2023-02-17,"Total Politik on Instagram: ""Bakal calon presiden dari Partai NasDem ...",https://www.instagram.com/p/CoxQpRiSdVJ/,"Bakal calon presiden dari Partai NasDem, Anies Baswedan bicara nasib ibu kota negara (IKN) Nusantara yang digagas Presiden Joko Widodo, jika dirinya terpilih menjadi presiden pada Pilpres 2024. Menurutnya, pemindahan ibu kota ke Sepaku, Kabupaten Penajam Paser Utara, Kalimantan Timur, sudah diatur dalam Undang-Undang Nomor 3 Tahun 2022 tentang ...","Total Politik on Instagram: ""Bakal calon presiden dari Partai NasDem ...-Bakal calon presiden dari Partai NasDem, Anies Baswedan bicara nasib ibu kota negara (IKN) Nusantara yang digagas Presiden Joko Widodo, jika dirinya terpilih menjadi presiden pada Pilpres 2024. Menurutnya, pemindahan ibu kota ke Sepaku, Kabupaten Penajam Paser Utara, Kalimantan Timur, sudah diatur dalam Undang-Undang Nomor 3 Tahun 2022 tentang ..."
55,2023-02-17,"Berita Indonesia Link on Instagram: ""Organisasi relawan pendukung ...",https://www.instagram.com/p/CowWlPqPZIk/,"112 Likes, 5 Comments - Berita Indonesia Link (@beritaindonesialink) on Instagram: ""Organisasi relawan pendukung Presiden Joko Widodo, Jokowi Mania (Joman) memutuskan mendukung Ketuaâ€¦""","Berita Indonesia Link on Instagram: ""Organisasi relawan pendukung ...-112 Likes, 5 Comments - Berita Indonesia Link (@beritaindonesialink) on Instagram: ""Organisasi relawan pendukung Presiden Joko Widodo, Jokowi Mania (Joman) memutuskan mendukung Ketuaâ€¦"""
56,2023-02-18,"Suaradotcom on Instagram: ""Bakal capres Anies Baswedan dsebut telah ...",https://www.instagram.com/p/Co1KR5LvLeJ/,"Bakal capres Anies Baswedan dsebut telah masuk dalam perangkap Partai Ummat yang mengusung politik identitas. Hal ini membuat Anies resmi mendapat gelar Bapak Politik Identitas. Seperti diketahui, Partai Ummat telah mendeklarasikan diri sebagai partai yang akan mengusung politik identitas dalam konstelasi politik.","Suaradotcom on Instagram: ""Bakal capres Anies Baswedan dsebut telah ...-Bakal capres Anies Baswedan dsebut telah masuk dalam perangkap Partai Ummat yang mengusung politik identitas. Hal ini membuat Anies resmi mendapat gelar Bapak Politik Identitas. Seperti diketahui, Partai Ummat telah mendeklarasikan diri sebagai partai yang akan mengusung politik identitas dalam konstelasi politik."
57,2023-02-18,"Berita Lifestyle on Instagram: ""Bakal capres Anies Baswedan dsebut ...",https://www.instagram.com/p/Co2jv1eBJP1/,"1 Likes, 0 Comments - Berita Lifestyle (@beritalifestyle) on Instagram: ""Bakal capres Anies Baswedan dsebut telah masuk dalam perangkap Partai Ummat yang mengusung politikâ€¦""","Berita Lifestyle on Instagram: ""Bakal capres Anies Baswedan dsebut ...-1 Likes, 0 Comments - Berita Lifestyle (@beritalifestyle) on Instagram: ""Bakal capres Anies Baswedan dsebut telah masuk dalam perangkap Partai Ummat yang mengusung politikâ€¦"""
58,2023-02-19,"Suaradotcom on Instagram: ""Bakal capres Anies Baswedan dsebut telah ...",https://www.instagram.com/p/Co1KR5LvLeJ/,"Bakal capres Anies Baswedan dsebut telah masuk dalam perangkap Partai Ummat yang mengusung politik identitas. Hal ini membuat Anies resmi mendapat gelar Bapak Politik Identitas. Seperti diketahui, Partai Ummat telah mendeklarasikan diri sebagai partai yang akan mengusung politik identitas dalam konstelasi politik.","Suaradotcom on Instagram: ""Bakal capres Anies Baswedan dsebut telah ...-Bakal capres Anies Baswedan dsebut telah masuk dalam perangkap Partai Ummat yang mengusung politik identitas. Hal ini membuat Anies resmi mendapat gelar Bapak Politik Identitas. Seperti diketahui, Partai Ummat telah mendeklarasikan diri sebagai partai yang akan mengusung politik identitas dalam konstelasi politik."
59,2023-02-19,"Berita Lifestyle on Instagram: ""Bakal capres Anies Baswedan dsebut ...",https://www.instagram.com/p/Co2jv1eBJP1/,"1 Likes, 0 Comments - Berita Lifestyle (@beritalifestyle) on Instagram: ""Bakal capres Anies Baswedan dsebut telah masuk dalam perangkap Partai Ummat yang mengusung politikâ€¦""","Berita Lifestyle on Instagram: ""Bakal capres Anies Baswedan dsebut ...-1 Likes, 0 Comments - Berita Lifestyle (@beritalifestyle) on Instagram: ""Bakal capres Anies Baswedan dsebut telah masuk dalam perangkap Partai Ummat yang mengusung politikâ€¦"""
60,2023-02-19,"PinterPolitik.com on Instagram: ""Menarik dukungan dari Ganjar Pranowo ...",https://www.instagram.com/p/Co4zpzFPtKD/,"3,060 Likes, 50 Comments - PinterPolitik.com (@pinterpolitik) on Instagram: ""Menarik dukungan dari Ganjar Pranowo sebagai calon presiden (capres) 2024, Jokowi Mania (JoMan) p..."" PinterPolitik.com on Instagram: ""Menarik dukungan dari Ganjar Pranowo sebagai calon presiden (capres) 2024, Jokowi Mania (JoMan) pimpinan Immanuel Ebenezer mengalihkan ...","PinterPolitik.com on Instagram: ""Menarik dukungan dari Ganjar Pranowo ...-3,060 Likes, 50 Comments - PinterPolitik.com (@pinterpolitik) on Instagram: ""Menarik dukungan dari Ganjar Pranowo sebagai calon presiden (capres) 2024, Jokowi Mania (JoMan) p..."" PinterPolitik.com on Instagram: ""Menarik dukungan dari Ganjar Pranowo sebagai calon presiden (capres) 2024, Jokowi Mania (JoMan) pimpinan Immanuel Ebenezer mengalihkan ..."
61,2023-02-20,"Anies Rasyid Baswedan on Instagram: ""Alhamdulillah, dapat bersama-sama ...",https://www.instagram.com/p/Co7HWuuy37H/,"4,535 Likes, 123 Comments - Anies Rasyid Baswedan (@aniesbaswedan) on Instagram: ""Alhamdulillah, dapat bersama-sama hadir dalam Tasyakur Milad ke-42 Badan Kontak Majelis Taklimâ€¦""","Anies Rasyid Baswedan on Instagram: ""Alhamdulillah, dapat bersama-sama ...-4,535 Likes, 123 Comments - Anies Rasyid Baswedan (@aniesbaswedan) on Instagram: ""Alhamdulillah, dapat bersama-sama hadir dalam Tasyakur Milad ke-42 Badan Kontak Majelis Taklimâ€¦"""
62,2023-02-20,"PinterPolitik.com on Instagram: ""Menarik dukungan dari Ganjar Pranowo ...",https://www.instagram.com/p/Co4zpzFPtKD/,"3,060 Likes, 50 Comments - PinterPolitik.com (@pinterpolitik) on Instagram: ""Menarik dukungan dari Ganjar Pranowo sebagai calon presiden (capres) 2024, Jokowi Mania (JoMan) p..."" PinterPolitik.com on Instagram: ""Menarik dukungan dari Ganjar Pranowo sebagai calon presiden (capres) 2024, Jokowi Mania (JoMan) pimpinan Immanuel Ebenezer mengalihkan ...","PinterPolitik.com on Instagram: ""Menarik dukungan dari Ganjar Pranowo ...-3,060 Likes, 50 Comments - PinterPolitik.com (@pinterpolitik) on Instagram: ""Menarik dukungan dari Ganjar Pranowo sebagai calon presiden (capres) 2024, Jokowi Mania (JoMan) p..."" PinterPolitik.com on Instagram: ""Menarik dukungan dari Ganjar Pranowo sebagai calon presiden (capres) 2024, Jokowi Mania (JoMan) pimpinan Immanuel Ebenezer mengalihkan ..."
63,2023-02-21,"Anies Rasyid Baswedan on Instagram: ""Alhamdulillah, dapat bersama-sama ...",https://www.instagram.com/p/Co7HWuuy37H/,"4,535 Likes, 123 Comments - Anies Rasyid Baswedan (@aniesbaswedan) on Instagram: ""Alhamdulillah, dapat bersama-sama hadir dalam Tasyakur Milad ke-42 Badan Kontak Majelis Taklimâ€¦""","Anies Rasyid Baswedan on Instagram: ""Alhamdulillah, dapat bersama-sama ...-4,535 Likes, 123 Comments - Anies Rasyid Baswedan (@aniesbaswedan) on Instagram: ""Alhamdulillah, dapat bersama-sama hadir dalam Tasyakur Milad ke-42 Badan Kontak Majelis Taklimâ€¦"""
64,2023-02-21,"Begi Mahendra on Instagram: ""tolak safari politik Anies Baswedan ...",https://www.instagram.com/p/Co8xH38J_M3/,"0 Likes, 0 Comments - Begi Mahendra (@begimahen005) on Instagram: ""tolak safari politik Anies Baswedan. mayoritas pendukung dipenuhi oleh ormas terlarangâ€¦""","Begi Mahendra on Instagram: ""tolak safari politik Anies Baswedan ...-0 Likes, 0 Comments - Begi Mahendra (@begimahen005) on Instagram: ""tolak safari politik Anies Baswedan. mayoritas pendukung dipenuhi oleh ormas terlarangâ€¦"""
65,2023-02-21,"@kpukabbogor on Instagram: ""#temanpemilih Pengumuman! Telah dibuka ...",https://www.instagram.com/p/Co9Tow5PW1z/,"262 Likes, 21 Comments - @kpukabbogor on Instagram: ""#temanpemilih Pengumuman! Telah dibuka Pendaftaran Tenaga Pendukung untuk Kesekretariatan PPK padaâ€¦""","@kpukabbogor on Instagram: ""#temanpemilih Pengumuman! Telah dibuka ...-262 Likes, 21 Comments - @kpukabbogor on Instagram: ""#temanpemilih Pengumuman! Telah dibuka Pendaftaran Tenaga Pendukung untuk Kesekretariatan PPK padaâ€¦"""
66,2023-02-22,narasinewsroom on Instagram: Partai Keadilan Sejahtera (PKS) resmi ...,https://www.instagram.com/p/Co_7iIEB37N/,"Partai Keadilan Sejahtera (PKS) resmi mendeklarasikan dukungan kepada Anies Baswedan sebagai bakal calon presiden di Pilpres 2024, Kamis (23/2/2023). Deklarasi itu dihadiri langsung oleh Anies Baswedan.","narasinewsroom on Instagram: Partai Keadilan Sejahtera (PKS) resmi ...-Partai Keadilan Sejahtera (PKS) resmi mendeklarasikan dukungan kepada Anies Baswedan sebagai bakal calon presiden di Pilpres 2024, Kamis (23/2/2023). Deklarasi itu dihadiri langsung oleh Anies Baswedan."
67,2023-02-22,"PinterPolitik.com on Instagram: ""Ketua Umum Partai NasDem Surya Paloh ...",https://www.instagram.com/p/Co_8RbCvxui/,"Tidak ada yang dapat membantah bahwa Partai NasDem dan Surya Paloh memiliki jasa besar bagi perjalanan politik Anies Baswedan menuju Pilpres 2024. Bersama NasDem, Paloh mencatatkan namanya sebagai partai politik pertama yang mendeklarasikan Anies sebagai bakal calon presiden (bacapres).","PinterPolitik.com on Instagram: ""Ketua Umum Partai NasDem Surya Paloh ...-Tidak ada yang dapat membantah bahwa Partai NasDem dan Surya Paloh memiliki jasa besar bagi perjalanan politik Anies Baswedan menuju Pilpres 2024. Bersama NasDem, Paloh mencatatkan namanya sebagai partai politik pertama yang mendeklarasikan Anies sebagai bakal calon presiden (bacapres)."
68,2023-02-22,"DPP PKS on Instagram: ""Partai Keadilan Sejahtera (PKS) memutuskan ...",https://www.instagram.com/p/Co_3M8lvFrB/,"8,590 Likes, 245 Comments - DPP PKS (@pk_sejahtera) on Instagram: ""Partai Keadilan Sejahtera (PKS) memutuskan mengusung Anies Baswedan sebagai Bakal Calon Presidenâ€¦""","DPP PKS on Instagram: ""Partai Keadilan Sejahtera (PKS) memutuskan ...-8,590 Likes, 245 Comments - DPP PKS (@pk_sejahtera) on Instagram: ""Partai Keadilan Sejahtera (PKS) memutuskan mengusung Anies Baswedan sebagai Bakal Calon Presidenâ€¦"""
69,2023-02-22,"Anies Rasyid Baswedan on Instagram: ""Kebersamaan dengan Partai Keadilan ...",https://www.instagram.com/p/CpAgNLUS_zg/,"5,668 Likes, 125 Comments - Anies Rasyid Baswedan (@aniesbaswedan) on Instagram: ""Kebersamaan dengan Partai Keadilan Sejahtera (PKS) bukan sesuatu yang baru, selama 7 tahunâ€¦""","Anies Rasyid Baswedan on Instagram: ""Kebersamaan dengan Partai Keadilan ...-5,668 Likes, 125 Comments - Anies Rasyid Baswedan (@aniesbaswedan) on Instagram: ""Kebersamaan dengan Partai Keadilan Sejahtera (PKS) bukan sesuatu yang baru, selama 7 tahunâ€¦"""
70,2023-02-22,"INFIA - Fact on Instagram: ""Partai Keadilan Sejahtera (PKS) resmi ...",https://www.instagram.com/p/Co_4O5eBE3V/,"2,283 Likes, 130 Comments - INFIA - Fact (@infia_fact) on Instagram: ""Partai Keadilan Sejahtera (PKS) resmi mendeklarasikan dukungan kepada Anies Baswedan sebagai bakalâ€¦""","INFIA - Fact on Instagram: ""Partai Keadilan Sejahtera (PKS) resmi ...-2,283 Likes, 130 Comments - INFIA - Fact (@infia_fact) on Instagram: ""Partai Keadilan Sejahtera (PKS) resmi mendeklarasikan dukungan kepada Anies Baswedan sebagai bakalâ€¦"""
71,2023-02-22,"Metara News on Instagram: ""Nama Anies Baswedan kian mencuat sebagai ...",https://www.instagram.com/p/CpAITBFDZ7S/,"214 Likes, 0 Comments - Metara News (@metaranews) on Instagram: ""Nama Anies Baswedan kian mencuat sebagai salah satu kandidat Presiden 2024 setelah Partai Keadilanâ€¦""","Metara News on Instagram: ""Nama Anies Baswedan kian mencuat sebagai ...-214 Likes, 0 Comments - Metara News (@metaranews) on Instagram: ""Nama Anies Baswedan kian mencuat sebagai salah satu kandidat Presiden 2024 setelah Partai Keadilanâ€¦"""
72,2023-02-22,"Kompas.com on Instagram: ""(Berita selengkapnya klik IG Stories ...",https://www.instagram.com/p/Co_6X84vxsS/,"694 Likes, 108 Comments - Kompas.com (@kompascom) on Instagram: ""(Berita selengkapnya klik IG Stories @kompascom) Partai Keadilan Sejahtera (PKS) resmiâ€¦""","Kompas.com on Instagram: ""(Berita selengkapnya klik IG Stories ...-694 Likes, 108 Comments - Kompas.com (@kompascom) on Instagram: ""(Berita selengkapnya klik IG Stories @kompascom) Partai Keadilan Sejahtera (PKS) resmiâ€¦"""
73,2023-02-22,"@kpukabbogor on Instagram: ""#temanpemilih Pengumuman! Telah dibuka ...",https://www.instagram.com/p/Co9Tow5PW1z/,"262 Likes, 21 Comments - @kpukabbogor on Instagram: ""#temanpemilih Pengumuman! Telah dibuka Pendaftaran Tenaga Pendukung untuk Kesekretariatan PPK padaâ€¦""","@kpukabbogor on Instagram: ""#temanpemilih Pengumuman! Telah dibuka ...-262 Likes, 21 Comments - @kpukabbogor on Instagram: ""#temanpemilih Pengumuman! Telah dibuka Pendaftaran Tenaga Pendukung untuk Kesekretariatan PPK padaâ€¦"""
74,2023-02-22,"Begi Mahendra on Instagram: ""tolak safari politik Anies Baswedan ...",https://www.instagram.com/p/Co8xH38J_M3/,"0 Likes, 0 Comments - Begi Mahendra (@begimahen005) on Instagram: ""tolak safari politik Anies Baswedan. mayoritas pendukung dipenuhi oleh ormas terlarangâ€¦""","Begi Mahendra on Instagram: ""tolak safari politik Anies Baswedan ...-0 Likes, 0 Comments - Begi Mahendra (@begimahen005) on Instagram: ""tolak safari politik Anies Baswedan. mayoritas pendukung dipenuhi oleh ormas terlarangâ€¦"""
