title,href,body,date
"ANIES BASWEDAN INDONESIA on Instagram: ""Imam Besar Front Pembela Islam ...",https://www.instagram.com/p/CHKVWZrnYOT/,"940 likes, 43 comments - ANIES BASWEDAN INDONESIA (@aniesbaswedan.2024) on Instagram: ""Imam Besar Front Pembela Islam atau FPI, Habib Rizieq Shihab mengumumkan kepulangannya ke Indones..."" ANIES BASWEDAN INDONESIA on Instagram: ""Imam Besar Front Pembela Islam atau FPI, Habib Rizieq Shihab mengumumkan kepulangannya ke Indonesia dan akan tiba di ...",2023-01-02
"BuddyKu Headlines on Instagram: ""Buddies! Bakal Calon Presiden ...",https://www.instagram.com/p/Cn0MrvFPJdB/,"Bakal Calon Presiden (Bacapres) 2024 dari Partai Nasdem, Anies Baswedan akan menghadiri ..."" BuddyKu Headlines on Instagram: ""Buddies! Bakal Calon Presiden (Bacapres) 2024 dari Partai Nasdem, Anies Baswedan akan menghadiri jalan sehat melangkah bersama menuju perubahan 2024.",2023-01-02
"SINDOnews on Instagram: ""Meski memiliki elektabilitas tinggi dalam ...",https://www.instagram.com/p/CeAjzwnP0wi/,"309 likes, 29 comments - SINDOnews (@sindonews) on Instagram: ""Meski memiliki elektabilitas tinggi dalam sejumlah survei capres 2024, Anies Baswedan punya kelem..."" SINDOnews on Instagram: ""Meski memiliki elektabilitas tinggi dalam sejumlah survei capres 2024, Anies Baswedan punya kelemahan karena bukan orang parpol.",2023-01-02
"ANIES BASWEDAN INDONESIA on Instagram: ""Dengerin ye""",https://www.instagram.com/p/ClEVrd9IOEe/,"1,286 likes, 70 comments - ANIES BASWEDAN INDONESIA (@aniesbaswedan.2024) on Instagram: ""Dengerin ye""",2023-01-02
"ANIES BASWEDAN on Instagram: ""Calon Presiden Indonesia 2024 # ...",https://www.instagram.com/p/Cm6c9HFr7Cu/,"9 likes, 0 comments - ANIES BASWEDAN (@aniesrasyidbaswedan_presiden) on Instagram: ""Calon Presiden Indonesia 2024 #aniesbaswedan #love #indonesia #aceh""",2023-01-02
"djawanewscom on Instagram: ""Nama Gubernur DKI Jakarta Anies Baswedan ...",https://www.instagram.com/p/CXLJQeqNF8C/,"19 likes, 2 comments - @djawanewscom on Instagram: ""Nama Gubernur DKI Jakarta Anies Baswedan dan Gubernur Jawa Tengah Ganjar Pranowo selalu muncul da..."" djawanewscom on Instagram: ""Nama Gubernur DKI Jakarta Anies Baswedan dan Gubernur Jawa Tengah Ganjar Pranowo selalu muncul dalam bursa calon presiden (Capres) 2024 dengan elektabilitas tinggi.",2023-01-02
"inilahcom on Instagram: ""Bakal calon presiden (bacapres), Anies ...",https://www.instagram.com/p/CrU91LWvPpV/,"882 likes, 98 comments - inilahcom (@inilah_com) on Instagram: ""Bakal calon presiden (bacapres), Anies Baswedan memberikan selamat atas deklarasi Ganjar Pranowo ..."" inilahcom on Instagram: ""Bakal calon presiden (bacapres), Anies Baswedan memberikan selamat atas deklarasi Ganjar Pranowo sebagai calon presiden (capres) PDIP, yang juga calon ...",2023-01-02
"Anies Untuk Perubahan on Instagram: ""Tidak ada yang salah dengan ...",https://www.instagram.com/p/Cra_aqzPFb2/,"11 likes, 2 comments - Anies Untuk Perubahan (@aniespresiden_2024) on Instagram: ""Tidak ada yang salah dengan diusung nya Ganjar,, yang jelas ini menguntungkan Anies Baswedan 1.Pe ...",2023-01-02
"inilahcom on Instagram: ""Gubernur DKI Jakarta Anies Baswedan dan ...",https://www.instagram.com/p/CXAlS8TPSQE/,"103 likes, 9 comments - inilahcom (@inilah_com) on Instagram: ""Gubernur DKI Jakarta Anies Baswedan dan Gubernur Jawa Barat Ridwan Kamil berpeluang ikut bertarun..."" inilahcom on Instagram: ""Gubernur DKI Jakarta Anies Baswedan dan Gubernur Jawa Barat Ridwan Kamil berpeluang ikut bertarung di Pilpres 2024.",2023-01-02
"BERGERAK FOR ANIES BASWEDAN on Instagram: ""BERGERAK FOR ANIES-AHY 2024 ...",https://www.instagram.com/p/CkI5vYZpeKB/,"29 likes, 0 comments - BERGERAK FOR ANIES BASWEDAN (@bergerakforanies) on Instagram: ""BERGERAK FOR ANIES-AHY 2024 DPP BERGERAK ( BERSAMA GERAKAN RAKYAT ) MULAI MEMANASKAN MESIN BERGE ...",2023-01-02
"ANIES BASWEDAN INDONESIA on Instagram: ""*TRENDING TOPIK INDONESIA ...",https://www.instagram.com/p/CIFwgTRH-Fb/,"26 likes, 0 comments - ANIES BASWEDAN INDONESIA (@aniesbaswedan.2024) on Instagram: ""*TRENDING TOPIK INDONESIA* Seorang pelajar berhasil meraih penghargaan tertinggi atas ditemukanny ...",2023-01-02
"BERGERAK FOR ANIES BASWEDAN on Instagram: ""#TerimaKasihAnies DPP ...",https://www.instagram.com/p/Cj1R25ohOyY/,"93 likes, 3 comments - BERGERAK FOR ANIES BASWEDAN (@bergerakforanies) on Instagram: ""#TerimaKasihAnies DPP BERGERAK ( BERSAMA GERAKAN RAKYAT ) MULAI MEMANASKAN MESIN BERGERAK DENGA ...",2023-01-02
"Anies Update on Instagram: ""KOMPAS.com - Gubernur Jawa Barat Ridwan ...",https://www.instagram.com/p/CP_6yU3HrGA/,"574 likes, 14 comments - Anies Update (@aniesupdate) on Instagram: ""KOMPAS.com - Gubernur Jawa Barat Ridwan Kamil tertawa saat mendengar jawaban Gubernur DKI Jakart..."" Anies Update on Instagram: ""KOMPAS.com - Gubernur Jawa Barat Ridwan Kamil tertawa saat mendengar jawaban Gubernur DKI Jakarta Anies Baswedan soal Pilpres 2024.",2023-01-02
"Sisi Sulteng on Instagram: ""Bakal Calon Presiden 2024 Partai Nasdem ...",https://www.instagram.com/p/CjPsxapBRJb/,"174 likes, 2 comments - Sisi Sulteng (@sisi_sulteng) on Instagram: ""Bakal Calon Presiden 2024 Partai Nasdem Anies Baswedan menyatakan bahwa dirinya siap maju sebagai..."" Sisi Sulteng on Instagram: ""Bakal Calon Presiden 2024 Partai Nasdem Anies Baswedan menyatakan bahwa dirinya siap maju sebagai Capres 2024 dari Partai NasDem.",2023-01-02
"Tribun Jateng on Instagram: ""Nasdem Resmi Deklarasikan Anies Baswedan ...",https://www.instagram.com/p/CjQGe99rMHu/,"44 likes, 0 comments - Tribun Jateng (@tribunjateng) on Instagram: ""Nasdem Resmi Deklarasikan Anies Baswedan Jadi Capres 2024 Cek video selengkapnya di channel akun..."" Tribun Jateng on Instagram: ""Nasdem Resmi Deklarasikan Anies Baswedan Jadi Capres 2024 Cek video selengkapnya di channel akun youtube Tribun Jateng #matalokalmenjangkauindonesia ...",2023-01-02
"Politik Hari Ini on Instagram: ""Setelah melalui perjalanan panjang ...",https://www.instagram.com/p/CpAGUSUhev7/,"46 likes, 1 comments - Politik Hari Ini (@politikhariini) on Instagram: ""Setelah melalui perjalanan panjang, akhirnya PKS deklarasikan Anies Baswedan sebagai bakal capres..."" Politik Hari Ini on Instagram: ""Setelah melalui perjalanan panjang, akhirnya PKS deklarasikan Anies Baswedan sebagai bakal capres 2024. .",2023-01-02
"RADIO SOLOPOS üìª | Beyond Information on Instagram: ""Gubernur DKI ...",https://www.instagram.com/p/CikBSwaIFXu/,"September 16, 2022 - 11 likes, 0 comments - RADIO SOLOPOS | Beyond Information (@radio_solopos) on Instagram: ""Gubernur DKI Jakarta Anies Baswedan menyatakan siap ...",2023-01-02
Page not found ‚Ä¢ Instagram,https://www.instagram.com/p/CkQYdJRMhR0/,"188 likes, 26 comments - GALUH ID (@officialgaluh.id) on Instagram: ""Pemuda Pancasila Kabupaten Ciamis mengatakan siap mendukung Anies Baswedan di perhelatan Pemilu 2..."" GALUH ID on Instagram: ""Pemuda Pancasila Kabupaten Ciamis mengatakan siap mendukung Anies Baswedan di perhelatan Pemilu 2024 mendatang.",2023-01-02
mustofanahra_id on Instagram,https://www.instagram.com/p/Cl0j_uhJEvK/,"mustofanahra_id ‚Ä¢ Original audio. Original audio. 2,618 likes likes",2023-01-02
"Akbar faizal on Instagram: ""Nasib Anies-Sandi diusung Gerindra 2024 ...",https://www.instagram.com/p/CFlvzoWDGhX/,"24 likes, 0 comments - Akbar faizal (@akbarfaizal68) on Instagram: ""Nasib Anies-Sandi diusung Gerindra 2024? PDIP-Gerindra semakin 'mesra'. Banyak pihak meyakini in...""",2023-01-02
Anis Baswedan For Ri 2024 is on Instagram ‚Ä¢ 49 posts on their profile,https://www.instagram.com/anisbasewedan/,"4,641 Followers, 98 Following, 49 Posts - See Instagram photos and videos from Anis Baswedan For Ri 2024 (@anisbasewedan)",2023-01-02
Anies Baswedan (@anies.baswedan2024) ‚Ä¢ Instagram photos and videos,https://www.instagram.com/anies.baswedan2024/,"304 Followers, 10 Following, 46 Posts - See Instagram photos and videos from Anies Baswedan (@anies.baswedan2024)",2023-01-02
ANIES BASWEDAN INDONESIA (@aniesbaswedan.2024) - Instagram,https://www.instagram.com/aniesbaswedan.2024/,"36.6k Followers, 1,984 Following, 2,222 Posts - See Instagram photos and videos from ANIES BASWEDAN INDONESIA (@aniesbaswedan.2024)",2023-01-02
Anies Rasyid Baswedan (@aniesbaswedan) - Instagram,https://www.instagram.com/aniesbaswedan/,"6M Followers, 186 Following, 4,391 Posts - See Instagram photos and videos from Anies Rasyid Baswedan (@aniesbaswedan)",2023-01-02
"Anies Baswedan on Instagram: "". Mohon dukungan dan doa. Anies Baswedan ...",https://www.instagram.com/p/CrGF1Ecps8w/,"13K likes, 884 comments - Anies Baswedan (@anies.update) on Instagram on April 16, 2023: "". Mohon dukungan dan doa. Anies Baswedan jadi presiden 2024 #aniesbaswedan # ...",2023-01-02
"ANIES BASWEDAN INDONESIA on Instagram: ""@60dinfopo1itik""",https://www.instagram.com/tv/CLWE3WInUJs/,"1,306 likes, 116 comments - ANIES BASWEDAN INDONESIA (@aniesbaswedan.2024) on Instagram: ""@60dinfopo1itik""",2023-01-02
"Anies Baswedan RI1 üáÆüá© on Instagram: ""Bedaaa kelas yaa bestie ‚ò∫Ô∏è . . . # ...",https://www.instagram.com/p/CezrJISpjIx/,"2,060 likes, 228 comments - Anies Baswedan RI1 (@aniesbaswedan_ri1) on Instagram: ""Bedaaa kelas yaa bestie ‚ò∫Ô∏è . . . #anies #aniestopleader #2024 #pilpres2024 #capres2024 #jejak ...",2023-01-02
"Kabar Terbaru Anies Baswedan on Instagram: ""aniesbaswedan.2024 Lengkap ...",https://www.instagram.com/p/CpbPsILB4ck/,"1,884 likes, 161 comments - Kabar Terbaru Anies Baswedan (@aniestoday) on Instagram: ""aniesbaswedan.2024 Lengkap Sudah Koalisi Perubahan Teken Piagam Deklarasi Anies Baswedan Capres 2 ...",2023-01-02
"ANIES BASWEDAN on Instagram: ""Calon Presiden Indonesia 2024 # ...",https://www.instagram.com/p/CnhJHgeBLhx/,"13 likes, 2 comments - ANIES BASWEDAN (@aniesrasyidbaswedan_presiden) on Instagram: ""Calon Presiden Indonesia 2024 #aniesbaswedan #anies #aniesforpresidenri2024 # ...",2023-01-02
"ANIES BASWEDAN INDONESIA on Instagram: ""Selamat Pagi... Selamat ...",https://www.instagram.com/p/CFO5WOqHafn/,"296 likes, 5 comments - ANIES BASWEDAN INDONESIA (@aniesbaswedan.2024) on Instagram: ""Selamat Pagi... Selamat Berakhir Pekan... Semoga Allah SWT Senantiasa Melindungi kita Semua.",2023-01-02
"Rosi Kompas TV on Instagram: ""Anies Baswedan Bisa Menyatukan Nasdem dan ...",https://www.instagram.com/p/CfRVPXjJUYx/,"Nama Anies Baswedan menjadi salah satu d..."" Rosi Kompas TV on Instagram: ""Anies Baswedan Bisa Menyatukan Nasdem dan PKS, Tapi... Nama Anies Baswedan menjadi salah satu dari tiga kandidat capres 2024 yang direkomendasikan dalam rakernas Partai Nasdem.",2023-01-02
"Berita Aceh on Instagram: ""Anies Baswedan Diprediksi Pilih Nyapres 2024 ...",https://www.instagram.com/p/CLQYzIIHpMS/,"386 likes, 7 comments - Berita Aceh (@berita_aceh) on Instagram: ""Anies Baswedan Diprediksi Pilih Nyapres 2024 Ketimbang Ikut Pilgub Lagi JAKARTA - Gubernur DKI...""",2023-01-02
"Anies Baswedan RI1 üáÆüá© on Instagram: ""Gubernur DKI Jakarta Anies ...",https://www.instagram.com/p/ChwHE-cpreJ/,"1,591 likes, 130 comments - Anies Baswedan RI1 (@aniesbaswedan_ri1) on Instagram: ""Gubernur DKI Jakarta Anies Baswedan @aniesbaswedan mengatakan gaji PNS DKI Jakarta fresh gradua ...",2023-01-02
Watch this reel by aniesbaswedan on Instagram,https://www.instagram.com/p/ClJI4opAdbu/,Usaha pak anies dgn menebarkan kebaikan kpd orang banyak di situ menunjukkan saling menyanyangi kpd sesama dan saling menghargai kpd sesama.tata terus pak anies kpd bangsa rakyat indonesia supaya warga indonesia lebih maju dan damai.semoga kebaikan pak anies baswedan akan di ganti sama allah termasuk rezekinya makin berlipat ganda dan panjang umur beserta isi keluarganya.aamiin...,2023-01-02
